Response ID,Q1,Q2,Q3,Q4,Q5,Q6,Q7,Q8,Q9,Q10,Q11,Q12,Q13,Q14,Q15
Response ID,"Q1: Have you completed any subspecialty training, and if so, what is the field of your subspecialty?",Q2: In what type of environment do you mainly practice?,Q3: Did you perform any Hypoglossal Nerve Stimulator Implant surgeries during residency?,Q4: How many years have you been in practice (post-training)?,Q5: How many Hypoglossal Nerve Stimulator Implant surgeries have you performed post-training?,Q6: How frequently are you performing Hypoglossal Nerve Stimulator Implant surgery?,"Q7: Thinking back over your hypoglossal nerve stimulator surgeries, how many times have you decided to adjust your placement of the cuff around the hypoglossal nerve based on the results of intraoperative stimulation testing?",Q8: How often does manipulating without removing the cuff resolve any issues you encounter with tongue protrusion?,Q9: How often do you need to exclude C1 in order to securely place the cuff around the appropriate branches?,Q10: What is the most common finding that leads you to adjusting or revising cuff placement intraoperatively?,"Q11: If you notice tongue retraction in addition to protrusion during intraoperative stimulation, what is your first step in troubleshooting issues with the cuff?",Q12: What is your second step when troubleshooting issues with the cuff?,Q13: What is your third step when troubleshooting issues with the cuff?,"Q14: If you have had cases where you were unable to resolve tongue retraction, how have you proceeded?","Q15: In cases where you have had to revise the cuff placement, how much time has the troubleshooting added to your case time?"
R_1kNSQSWpBGK18hx,No Fellowship,Private,No,6-10,100-200,> 2 per week,1-5% of the time,Always,Sometimes (26-50%),Tongue retraction with stimulation,Dissecting distal aspect to exclude one or more hypoglossal branches,Remove and replace the cuff with stimulation,Open window around cuff without removing,N/A: I have always been able to resolve any issues with retraction prior to closure,0-15 min
R_5LRsWrvNxmzouHa,No Fellowship,Private,No,>15,20-50,Once every other week,5-10% of the time,Sometimes (50-75% of the time),Sometimes (26-50%),Lack of any visible tongue motion with stimulation,Dissecting distal aspect to exclude one or more hypoglossal branches,Stimulating superior and/or deep aspects of the nerve,Remove and replace the cuff with stimulation,N/A: I have always been able to resolve any issues with retraction prior to closure,30-45 min
R_3BfIOs4KDvMKhir,No Fellowship,Private,No,10-15,100-200,> 2 per week,< 1% of the time,Often (more than 75% of the time),Rarely (1-25%),Tongue retraction with stimulation,Dissecting distal aspect to exclude one or more hypoglossal branches,Remove and replace the cuff with stimulation,Open window around cuff without removing,N/A: I have always been able to resolve any issues with retraction prior to closure,0-15 min
R_7DTengT3DhnQDAg,Sleep Medicine & Surgery,Academic,Yes,6-10,100-200,1-2 per week,1-5% of the time,Never,Sometimes (26-50%),Tongue retraction with stimulation,Stimulating superior and/or deep aspects of the nerve,Dissecting distal aspect to exclude one or more hypoglossal branches,Dissecting distal aspect to exclude one or more hypoglossal branches,N/A: I have always been able to resolve any issues with retraction prior to closure,15-30 min
R_3VRaJSNAS356K6l,No Fellowship,Academic,No,>15,> 200,> 2 per week,1-5% of the time,Often (more than 75% of the time),Always (75-100%),Tongue retraction with stimulation,Dissecting distal aspect to exclude one or more hypoglossal branches,Dissecting distal aspect to exclude one or more hypoglossal branches,Dissecting distal aspect to exclude one or more hypoglossal branches,N/A: I have always been able to resolve any issues with retraction prior to closure,0-15 min
R_1Nf6pNMfCzNf5Ie,"Rhinology, Sinus & Anterior Endoscopic Skull Base Surgery",Academic,No,6-10,20-50,Once every other week,5-10% of the time,Never,Never (0%),Tongue retraction with stimulation,Stimulating superior and/or deep aspects of the nerve,Dissecting distal aspect to exclude one or more hypoglossal branches,Remove and replace the cuff with stimulation,N/A: I have always been able to resolve any issues with retraction prior to closure,0-15 min
R_2dd9hJfTnLesRrX,Facial Plastics & Reconstructive Surgery,Academic,No,1-5,< 20,Once a month,< 1% of the time,Rarely (less than 50% of the time),Often (50-75%),Tongue retraction with stimulation,Stimulating superior and/or deep aspects of the nerve,Dissecting distal aspect to exclude one or more hypoglossal branches,Open window around cuff without removing,N/A: I have always been able to resolve any issues with retraction prior to closure,15-30 min
R_3xz77M7bVWJuNkD,No Fellowship,Private,Yes,1-5,20-50,Once a month,1-5% of the time,Often (more than 75% of the time),Rarely (1-25%),Lack of any visible tongue motion with stimulation,Stimulating superior and/or deep aspects of the nerve,Dissecting distal aspect to exclude one or more hypoglossal branches,Remove and replace the cuff with stimulation,N/A: I have always been able to resolve any issues with retraction prior to closure,0-15 min
R_2PT464EjtXMhQvO,No Fellowship,Academic,Yes,6-10,> 200,> 2 per week,1-5% of the time,Rarely (less than 50% of the time),Rarely (1-25%),Tongue retraction with stimulation,Open window around cuff without removing,Stimulating superior and/or deep aspects of the nerve,Dissecting distal aspect to exclude one or more hypoglossal branches,N/A: I have always been able to resolve any issues with retraction prior to closure,0-15 min
R_3r0QiFl2S4NqbR2,"Rhinology, Sinus & Anterior Endoscopic Skull Base Surgery",Academic,Yes,6-10,100-200,1-2 per week,< 1% of the time,Often (more than 75% of the time),Sometimes (26-50%),Tongue retraction with stimulation,Dissecting distal aspect to exclude one or more hypoglossal branches,Dissecting distal aspect to exclude one or more hypoglossal branches,Dissecting distal aspect to exclude one or more hypoglossal branches,N/A: I have always been able to resolve any issues with retraction prior to closure,0-15 min
R_7q1MNHLyFAiq12D,No Fellowship,Private,Yes,1-5,< 20,Once every other week,< 1% of the time,Never,Rarely (1-25%),Tongue retraction with stimulation,Open window around cuff without removing,Stimulating superior and/or deep aspects of the nerve,Remove and replace the cuff with stimulation,N/A: I have always been able to resolve any issues with retraction prior to closure,15-30 min
R_2E1fQFSfWi8O17r,No Fellowship,Private,Yes,6-10,100-200,Once a month,5-10% of the time,Often (more than 75% of the time),Rarely (1-25%),Lack of any visible tongue motion with stimulation,Remove and replace the cuff with stimulation,Remove and replace the cuff with stimulation,Remove and replace the cuff with stimulation,N/A: I have always been able to resolve any issues with retraction prior to closure,0-15 min
R_2v9X1IAuvPUmrVn,Head and Neck Oncology,Academic,No,>15,100-200,1-2 per week,1-5% of the time,Often (more than 75% of the time),Never (0%),Lack of any visible tongue motion with stimulation,Dissecting distal aspect to exclude one or more hypoglossal branches,Stimulating superior and/or deep aspects of the nerve,Remove and replace the cuff with stimulation,N/A: I have always been able to resolve any issues with retraction prior to closure,15-30 min
R_2txKlhU5HHEx1ow,No Fellowship,Private,Yes,1-5,20-50,Once every other week,> 10% of the time,Sometimes (50-75% of the time),Sometimes (26-50%),Tongue retraction with stimulation,Remove and replace the cuff with stimulation,Remove and replace the cuff with stimulation,Dissecting distal aspect to exclude one or more hypoglossal branches,N/A: I have always been able to resolve any issues with retraction prior to closure,15-30 min
R_5wi9uycws6O041X,Sleep Medicine & Surgery,Private,No,>15,100-200,1-2 per week,5-10% of the time,Rarely (less than 50% of the time),Rarely (1-25%),Tongue retraction with stimulation,Dissecting distal aspect to exclude one or more hypoglossal branches,Remove and replace the cuff with stimulation,Stimulating superior and/or deep aspects of the nerve,Left cuff in place,15-30 min
R_72MyZwCe3KVDJXv,"Otology, Neurotology & Skull Base Surgery",Private,No,>15,20-50,Once every other week,> 10% of the time,Rarely (less than 50% of the time),Rarely (1-25%),Tongue retraction with stimulation,Open window around cuff without removing,Remove and replace the cuff with stimulation,Dissecting distal aspect to exclude one or more hypoglossal branches,N/A: I have always been able to resolve any issues with retraction prior to closure,0-15 min
R_77gWxk4NQkrfgoV,No Fellowship,Private,No,10-15,100-200,Once every other week,1-5% of the time,Rarely (less than 50% of the time),Rarely (1-25%),Tongue retraction with stimulation,Dissecting distal aspect to exclude one or more hypoglossal branches,Dissecting distal aspect to exclude one or more hypoglossal branches,Stimulating superior and/or deep aspects of the nerve,N/A: I have always been able to resolve any issues with retraction prior to closure,15-30 min
R_3aDXMK09aDsytdn,Head and Neck Oncology,Private,No,10-15,> 200,1-2 per week,5-10% of the time,Sometimes (50-75% of the time),Sometimes (26-50%),Tongue retraction with stimulation,Dissecting distal aspect to exclude one or more hypoglossal branches,Dissecting distal aspect to exclude one or more hypoglossal branches,Dissecting distal aspect to exclude one or more hypoglossal branches,Left cuff in place,0-15 min
R_7rNSwb013eehmaA,Sleep Medicine & Surgery,Private,No,>15,100-200,1-2 per week,1-5% of the time,Always,Rarely (1-25%),Tongue retraction with stimulation,Open window around cuff without removing,Dissecting distal aspect to exclude one or more hypoglossal branches,Remove and replace the cuff with stimulation,N/A: I have always been able to resolve any issues with retraction prior to closure,0-15 min
R_7qfnSQECLya5QBa,No Fellowship,Private,No,>15,100-200,1-2 per week,> 10% of the time,Rarely (less than 50% of the time),Never (0%),Tongue retraction with stimulation,Stimulating superior and/or deep aspects of the nerve,Dissecting distal aspect to exclude one or more hypoglossal branches,Remove and replace the cuff with stimulation,N/A: I have always been able to resolve any issues with retraction prior to closure,0-15 min
R_7VkkLIDJnT3BpoQ,No Fellowship,Private,Yes,1-5,20-50,Once every other week,5-10% of the time,Sometimes (50-75% of the time),Sometimes (26-50%),Lack of any visible tongue motion with stimulation,Open window around cuff without removing,Dissecting distal aspect to exclude one or more hypoglossal branches,Remove and replace the cuff with stimulation,N/A: I have always been able to resolve any issues with retraction prior to closure,15-30 min
R_72mtp1gsEsv3Sf6,No Fellowship,Private,No,>15,20-50,Once every other week,1-5% of the time,Rarely (less than 50% of the time),Rarely (1-25%),Tongue retraction with stimulation,Remove and replace the cuff with stimulation,Stimulating superior and/or deep aspects of the nerve,Dissecting distal aspect to exclude one or more hypoglossal branches,N/A: I have always been able to resolve any issues with retraction prior to closure,15-30 min
R_5xCR0k6ulPz4z61,"Rhinology, Sinus & Anterior Endoscopic Skull Base Surgery",Academic,No,>15,20-50,1-2 per week,> 10% of the time,Sometimes (50-75% of the time),Sometimes (26-50%),Tongue retraction with stimulation,Dissecting distal aspect to exclude one or more hypoglossal branches,Stimulating superior and/or deep aspects of the nerve,Remove and replace the cuff with stimulation,N/A: I have always been able to resolve any issues with retraction prior to closure,30-45 min
R_59btogZT9azFjU0,No Fellowship,Private,No,1-5,100-200,1-2 per week,1-5% of the time,Rarely (less than 50% of the time),Rarely (1-25%),Tongue retraction with stimulation,Dissecting distal aspect to exclude one or more hypoglossal branches,Stimulating superior and/or deep aspects of the nerve,Remove and replace the cuff with stimulation,Aborted the case,30-45 min
R_7ekQLIa2PHxyIoG,No Fellowship,Private,No,10-15,20-50,Once a month,< 1% of the time,Always,Never (0%),Lack of any visible tongue motion with stimulation,Open window around cuff without removing,Remove and replace the cuff with stimulation,Dissecting distal aspect to exclude one or more hypoglossal branches,N/A: I have always been able to resolve any issues with retraction prior to closure,15-30 min
R_7JLUQq7unTxnoAN,No Fellowship,Private,No,6-10,20-50,Once every other week,> 10% of the time,Sometimes (50-75% of the time),Often (50-75%),Lack of any visible tongue motion with stimulation,Dissecting distal aspect to exclude one or more hypoglossal branches,Remove and replace the cuff with stimulation,Stimulating superior and/or deep aspects of the nerve,N/A: I have always been able to resolve any issues with retraction prior to closure,0-15 min
R_1tr70zbM4MZLGqg,Head and Neck Oncology,Private,No,>15,> 200,> 2 per week,1-5% of the time,Rarely (less than 50% of the time),Never (0%),Tongue retraction with stimulation,Dissecting distal aspect to exclude one or more hypoglossal branches,Stimulating superior and/or deep aspects of the nerve,Removing and replacing the cuff back in the same location,N/A: I have always been able to resolve any issues with retraction prior to closure,0-15 min
R_1op4DTlx6W8Kxio,No Fellowship,Academic,No,10-15,> 200,> 2 per week,1-5% of the time,Rarely (less than 50% of the time),Always (75-100%),Tongue retraction with stimulation,Dissecting distal aspect to exclude one or more hypoglossal branches,Dissecting distal aspect to exclude one or more hypoglossal branches,Dissecting distal aspect to exclude one or more hypoglossal branches,N/A: I have always been able to resolve any issues with retraction prior to closure,0-15 min
R_8PbFR7if3aRMZE1,No Fellowship,Private,Yes,6-10,100-200,1-2 per week,5-10% of the time,Rarely (less than 50% of the time),Sometimes (26-50%),Tongue retraction with stimulation,Removing and replacing the cuff back in the same location,Remove and replace the cuff with stimulation,Dissecting distal aspect to exclude one or more hypoglossal branches,N/A: I have always been able to resolve any issues with retraction prior to closure,0-15 min
R_6yjyhR8tWJWU1JO,No Fellowship,Private,No,>15,> 200,1-2 per week,1-5% of the time,Always,Rarely (1-25%),Tongue retraction with stimulation,Dissecting distal aspect to exclude one or more hypoglossal branches,Dissecting distal aspect to exclude one or more hypoglossal branches,Dissecting distal aspect to exclude one or more hypoglossal branches,N/A: I have always been able to resolve any issues with retraction prior to closure,0-15 min
R_7F50kKFiWpfER1h,Sleep Medicine & Surgery,Private,No,>15,20-50,Once a month,1-5% of the time,Rarely (less than 50% of the time),Rarely (1-25%),Tongue retraction with stimulation,Dissecting distal aspect to exclude one or more hypoglossal branches,Dissecting distal aspect to exclude one or more hypoglossal branches,Dissecting distal aspect to exclude one or more hypoglossal branches,N/A: I have always been able to resolve any issues with retraction prior to closure,15-30 min
R_3xK67AJmu2r2X18,No Fellowship,Private,No,>15,> 200,> 2 per week,1-5% of the time,Often (more than 75% of the time),Rarely (1-25%),Tongue retraction with stimulation,Open window around cuff without removing,Dissecting distal aspect to exclude one or more hypoglossal branches,Remove and replace the cuff with stimulation,N/A: I have always been able to resolve any issues with retraction prior to closure,0-15 min
R_2qs49NS0Rtl99OX,Sleep Medicine & Surgery,Private,No,>15,100-200,1-2 per week,1-5% of the time,Rarely (less than 50% of the time),Often (50-75%),Tongue retraction with stimulation,Dissecting distal aspect to exclude one or more hypoglossal branches,Stimulating superior and/or deep aspects of the nerve,Open window around cuff without removing,N/A: I have always been able to resolve any issues with retraction prior to closure,0-15 min
R_1lt3H3fbVyJZaNE,No Fellowship,Private,Yes,1-5,< 20,Once a month,1-5% of the time,Always,Sometimes (26-50%),Lack of any visible tongue motion with stimulation,Open window around cuff without removing,Dissecting distal aspect to exclude one or more hypoglossal branches,Remove and replace the cuff with stimulation,N/A: I have always been able to resolve any issues with retraction prior to closure,30-45 min
R_3D6LvNdObRAToky,No Fellowship,Private,No,1-5,20-50,1-2 per week,> 10% of the time,Rarely (less than 50% of the time),Sometimes (26-50%),Tongue retraction with stimulation,Dissecting distal aspect to exclude one or more hypoglossal branches,Remove and replace the cuff with stimulation,Stimulating superior and/or deep aspects of the nerve,N/A: I have always been able to resolve any issues with retraction prior to closure,0-15 min
R_1MJAG01bGDrtmcA,No Fellowship,Academic,No,>15,100-200,Once every other week,1-5% of the time,Often (more than 75% of the time),Rarely (1-25%),Tongue retraction with stimulation,Stimulating superior and/or deep aspects of the nerve,Dissecting distal aspect to exclude one or more hypoglossal branches,Remove and replace the cuff with stimulation,N/A: I have always been able to resolve any issues with retraction prior to closure,15-30 min
R_5DApW0iz3pm0LlY,No Fellowship,Private,Yes,1-5,100-200,1-2 per week,5-10% of the time,Rarely (less than 50% of the time),Rarely (1-25%),Tongue retraction with stimulation,Stimulating superior and/or deep aspects of the nerve,Dissecting distal aspect to exclude one or more hypoglossal branches,Dissecting distal aspect to exclude one or more hypoglossal branches,N/A: I have always been able to resolve any issues with retraction prior to closure,15-30 min
R_5P2f50bXuZBIVnP,Facial Plastics & Reconstructive Surgery,Private,No,>15,> 200,> 2 per week,5-10% of the time,Often (more than 75% of the time),Rarely (1-25%),Tongue retraction with stimulation,Dissecting distal aspect to exclude one or more hypoglossal branches,Remove and replace the cuff with stimulation,Remove and replace the cuff with stimulation,N/A: I have always been able to resolve any issues with retraction prior to closure,15-30 min
R_2OdMl5v3n5SOFF8,No Fellowship,Academic,No,10-15,100-200,1-2 per week,1-5% of the time,Rarely (less than 50% of the time),Rarely (1-25%),Tongue retraction with stimulation,Stimulating superior and/or deep aspects of the nerve,Dissecting distal aspect to exclude one or more hypoglossal branches,Remove and replace the cuff with stimulation,N/A: I have always been able to resolve any issues with retraction prior to closure,0-15 min
R_5FZywKoGI1UPLNv,No Fellowship,Private,No,6-10,20-50,Once a month,< 1% of the time,Never,Rarely (1-25%),Lack of any visible tongue motion with stimulation,Stimulating superior and/or deep aspects of the nerve,Dissecting distal aspect to exclude one or more hypoglossal branches,Remove and replace the cuff with stimulation,N/A: I have always been able to resolve any issues with retraction prior to closure,15-30 min
R_1rSIaD5kwFtUNbz,No Fellowship,Private,No,10-15,100-200,Once every other week,1-5% of the time,Rarely (less than 50% of the time),Sometimes (26-50%),Tongue retraction with stimulation,Stimulating superior and/or deep aspects of the nerve,Dissecting distal aspect to exclude one or more hypoglossal branches,Remove and replace the cuff with stimulation,N/A: I have always been able to resolve any issues with retraction prior to closure,15-30 min
R_3WtXlmYfl9zxy70,No Fellowship,Private,No,1-5,20-50,Once every other week,> 10% of the time,Often (more than 75% of the time),Sometimes (26-50%),Tongue retraction with stimulation,Remove and replace the cuff with stimulation,Dissecting distal aspect to exclude one or more hypoglossal branches,Remove and replace the cuff without stimulation,N/A: I have always been able to resolve any issues with retraction prior to closure,15-30 min
R_7tM4yazEkvLnSr6,No Fellowship,Private,No,>15,100-200,> 2 per week,5-10% of the time,Often (more than 75% of the time),Rarely (1-25%),Tongue retraction with stimulation,Dissecting distal aspect to exclude one or more hypoglossal branches,Remove and replace the cuff with stimulation,Removing and replacing the cuff back in the same location,N/A: I have always been able to resolve any issues with retraction prior to closure,0-15 min
R_2zjRjH8XYFe6iuj,No Fellowship,Private,No,>15,100-200,1-2 per week,1-5% of the time,Rarely (less than 50% of the time),Sometimes (26-50%),Tongue retraction with stimulation,Remove and replace the cuff with stimulation,Dissecting distal aspect to exclude one or more hypoglossal branches,Stimulating superior and/or deep aspects of the nerve,N/A: I have always been able to resolve any issues with retraction prior to closure,0-15 min
R_2mOaEEfxYgxxqUm,Head and Neck Oncology,Private,No,>15,< 20,Once every other week,< 1% of the time,Always,Rarely (1-25%),Lack of any visible tongue motion with stimulation,Stimulating superior and/or deep aspects of the nerve,Remove and replace the cuff with stimulation,Dissecting distal aspect to exclude one or more hypoglossal branches,N/A: I have always been able to resolve any issues with retraction prior to closure,0-15 min
R_1oSipRFQywi0VxJ,Sleep Medicine & Surgery,Private,No,>15,20-50,Once a month,< 1% of the time,Never,Rarely (1-25%),Tongue retraction with stimulation,Stimulating superior and/or deep aspects of the nerve,Dissecting distal aspect to exclude one or more hypoglossal branches,Dissecting distal aspect to exclude one or more hypoglossal branches,N/A: I have always been able to resolve any issues with retraction prior to closure,15-30 min
R_2BjkQwSolpKhBTz,No Fellowship,Private,No,10-15,20-50,Once every other week,< 1% of the time,Never,Rarely (1-25%),Tongue retraction with stimulation,Stimulating superior and/or deep aspects of the nerve,Dissecting distal aspect to exclude one or more hypoglossal branches,Open window around cuff without removing,N/A: I have always been able to resolve any issues with retraction prior to closure,15-30 min
R_50cVszt5Vo8b9od,No Fellowship,Private,No,6-10,20-50,Once every other week,1-5% of the time,Often (more than 75% of the time),Never (0%),Lack of any visible tongue motion with stimulation,Stimulating superior and/or deep aspects of the nerve,Dissecting distal aspect to exclude one or more hypoglossal branches,Remove and replace the cuff with stimulation,N/A: I have always been able to resolve any issues with retraction prior to closure,15-30 min
R_5ikflH88Z6CjCzD,No Fellowship,Private,No,>15,20-50,Once every other week,1-5% of the time,Often (more than 75% of the time),Rarely (1-25%),Tongue retraction with stimulation,Dissecting distal aspect to exclude one or more hypoglossal branches,Remove and replace the cuff with stimulation,Stimulating superior and/or deep aspects of the nerve,N/A: I have always been able to resolve any issues with retraction prior to closure,30-45 min
R_2rlvWKN9jogUfmH,No Fellowship,Private,Yes,6-10,20-50,Once a month,< 1% of the time,Never,Never (0%),Lack of any visible tongue motion with stimulation,Open window around cuff without removing,Stimulating superior and/or deep aspects of the nerve,Remove and replace the cuff with stimulation,N/A: I have always been able to resolve any issues with retraction prior to closure,0-15 min
R_3QJwzFbsDld6ZaQ,Laryngology,Academic,Yes,1-5,20-50,Once a month,< 1% of the time,Often (more than 75% of the time),Sometimes (26-50%),Lack of any visible tongue motion with stimulation,Dissecting distal aspect to exclude one or more hypoglossal branches,Stimulating superior and/or deep aspects of the nerve,Remove and replace the cuff with stimulation,N/A: I have always been able to resolve any issues with retraction prior to closure,30-45 min
R_2QWkJmoAnWZYLbr,Head and Neck Oncology,Private,Yes,1-5,20-50,Once every other week,1-5% of the time,Rarely (less than 50% of the time),Sometimes (26-50%),Lack of any visible tongue motion with stimulation,Stimulating superior and/or deep aspects of the nerve,Remove and replace the cuff with stimulation,Dissecting distal aspect to exclude one or more hypoglossal branches,N/A: I have always been able to resolve any issues with retraction prior to closure,0-15 min
R_7EAfnGEaz1lxilX,Laryngology,Government,No,10-15,100-200,1-2 per week,1-5% of the time,Rarely (less than 50% of the time),Never (0%),Tongue retraction with stimulation,Dissecting distal aspect to exclude one or more hypoglossal branches,Remove and replace the cuff without stimulation,Remove and replace the cuff without stimulation,N/A: I have always been able to resolve any issues with retraction prior to closure,0-15 min
R_5K9km4LlyCY2SE9,Sleep Medicine & Surgery,Private,No,>15,20-50,Once every other week,> 10% of the time,Often (more than 75% of the time),Rarely (1-25%),Lack of any visible tongue motion with stimulation,Dissecting distal aspect to exclude one or more hypoglossal branches,Dissecting distal aspect to exclude one or more hypoglossal branches,Dissecting distal aspect to exclude one or more hypoglossal branches,N/A: I have always been able to resolve any issues with retraction prior to closure,15-30 min
R_3v7YHgKoi42BHuX,No Fellowship,Private,No,>15,> 200,> 2 per week,> 10% of the time,Sometimes (50-75% of the time),Rarely (1-25%),Tongue retraction with stimulation,Dissecting distal aspect to exclude one or more hypoglossal branches,Remove and replace the cuff with stimulation,Open window around cuff without removing,N/A: I have always been able to resolve any issues with retraction prior to closure,0-15 min
R_3pxPbOIZEEI4MQ9,No Fellowship,Government,No,>15,20-50,< 1 per month,1-5% of the time,Never,Rarely (1-25%),Tongue retraction with stimulation,Dissecting distal aspect to exclude one or more hypoglossal branches,Remove and replace the cuff with stimulation,Dissecting distal aspect to exclude one or more hypoglossal branches,N/A: I have always been able to resolve any issues with retraction prior to closure,15-30 min
R_5wpDqGbwsGCNm5l,No Fellowship,Academic,No,10-15,20-50,Once every other week,5-10% of the time,Often (more than 75% of the time),Rarely (1-25%),Tongue retraction with stimulation,Dissecting distal aspect to exclude one or more hypoglossal branches,Stimulating superior and/or deep aspects of the nerve,Remove and replace the cuff with stimulation,N/A: I have always been able to resolve any issues with retraction prior to closure,15-30 min
R_23oDckbkyBrHdBv,No Fellowship,Private,No,>15,< 20,Once a month,1-5% of the time,Rarely (less than 50% of the time),Rarely (1-25%),Lack of any visible tongue motion with stimulation,Stimulating superior and/or deep aspects of the nerve,Dissecting distal aspect to exclude one or more hypoglossal branches,Dissecting distal aspect to exclude one or more hypoglossal branches,N/A: I have always been able to resolve any issues with retraction prior to closure,15-30 min
R_2afeFpssZXsPcSR,No Fellowship,Private,No,6-10,20-50,Once a month,1-5% of the time,Never,Sometimes (26-50%),Tongue retraction with stimulation,Remove and replace the cuff with stimulation,Remove and replace the cuff with stimulation,Remove and replace the cuff with stimulation,N/A: I have always been able to resolve any issues with retraction prior to closure,15-30 min
R_18TKXXUvLpLRfEJ,No Fellowship,Private,No,>15,100-200,1-2 per week,< 1% of the time,Always,Rarely (1-25%),Tongue retraction with stimulation,Remove and replace the cuff with stimulation,Stimulating superior and/or deep aspects of the nerve,Dissecting distal aspect to exclude one or more hypoglossal branches,Left cuff in place,0-15 min
R_325YnpzQCBAdYmT,No Fellowship,Private,No,>15,100-200,1-2 per week,1-5% of the time,Never,Sometimes (26-50%),Tongue retraction with stimulation,Stimulating superior and/or deep aspects of the nerve,Remove and replace the cuff with stimulation,Dissecting distal aspect to exclude one or more hypoglossal branches,N/A: I have always been able to resolve any issues with retraction prior to closure,0-15 min
R_1RyzYJF23olcDBi,No Fellowship,Private,No,>15,20-50,Once every other week,5-10% of the time,Rarely (less than 50% of the time),Rarely (1-25%),Lack of any visible tongue motion with stimulation,Remove and replace the cuff with stimulation,Dissecting distal aspect to exclude one or more hypoglossal branches,Stimulating superior and/or deep aspects of the nerve,N/A: I have always been able to resolve any issues with retraction prior to closure,15-30 min
R_5iISVMmnNMlVkuS,No Fellowship,Private,No,6-10,> 200,1-2 per week,5-10% of the time,Rarely (less than 50% of the time),Rarely (1-25%),Tongue retraction with stimulation,Dissecting distal aspect to exclude one or more hypoglossal branches,Remove and replace the cuff with stimulation,Stimulating superior and/or deep aspects of the nerve,Left cuff in place,15-30 min
R_2QJwCEzwLLLO6Y1,No Fellowship,Private,No,6-10,> 200,> 2 per week,1-5% of the time,Rarely (less than 50% of the time),Always (75-100%),Lack of any visible tongue motion with stimulation,Dissecting distal aspect to exclude one or more hypoglossal branches,Stimulating superior and/or deep aspects of the nerve,Remove and replace the cuff with stimulation,N/A: I have always been able to resolve any issues with retraction prior to closure,0-15 min
R_3s1Jwdavmr45TNA,No Fellowship,Private,No,10-15,20-50,Once every other week,1-5% of the time,Often (more than 75% of the time),Sometimes (26-50%),Lack of any visible tongue motion with stimulation,Dissecting distal aspect to exclude one or more hypoglossal branches,Dissecting distal aspect to exclude one or more hypoglossal branches,Dissecting distal aspect to exclude one or more hypoglossal branches,N/A: I have always been able to resolve any issues with retraction prior to closure,0-15 min
R_7dAnvChpfLwtx29,No Fellowship,Private,No,10-15,100-200,> 2 per week,1-5% of the time,Rarely (less than 50% of the time),Sometimes (26-50%),Tongue retraction with stimulation,Stimulating superior and/or deep aspects of the nerve,Dissecting distal aspect to exclude one or more hypoglossal branches,Dissecting distal aspect to exclude one or more hypoglossal branches,N/A: I have always been able to resolve any issues with retraction prior to closure,0-15 min
R_32fZjrzBUlWaPPM,No Fellowship,Academic,No,>15,> 200,1-2 per week,< 1% of the time,Often (more than 75% of the time),Never (0%),Tongue retraction with stimulation,Dissecting distal aspect to exclude one or more hypoglossal branches,Dissecting distal aspect to exclude one or more hypoglossal branches,Remove and replace the cuff with stimulation,N/A: I have always been able to resolve any issues with retraction prior to closure,30-45 min
R_7pa2gHTlXcCf0NF,No Fellowship,Private,No,10-15,> 200,Once every other week,5-10% of the time,Often (more than 75% of the time),Rarely (1-25%),Tongue retraction with stimulation,Stimulating superior and/or deep aspects of the nerve,Remove and replace the cuff with stimulation,Dissecting distal aspect to exclude one or more hypoglossal branches,N/A: I have always been able to resolve any issues with retraction prior to closure,15-30 min
R_5U6roLUuK6slrdn,No Fellowship,Private,No,>15,100-200,1-2 per week,1-5% of the time,Rarely (less than 50% of the time),Never (0%),Tongue retraction with stimulation,Remove and replace the cuff with stimulation,Stimulating superior and/or deep aspects of the nerve,Removing and replacing the cuff back in the same location,N/A: I have always been able to resolve any issues with retraction prior to closure,0-15 min
R_3QT3fLg4PHTJlIt,No Fellowship,Private,Yes,6-10,> 200,> 2 per week,5-10% of the time,Sometimes (50-75% of the time),Often (50-75%),Tongue retraction with stimulation,Dissecting distal aspect to exclude one or more hypoglossal branches,Remove and replace the cuff with stimulation,Dissecting distal aspect to exclude one or more hypoglossal branches,Left cuff in place,0-15 min
R_7AeeTTwACE2OiK5,No Fellowship,Private,No,>15,20-50,Once every other week,1-5% of the time,Sometimes (50-75% of the time),Never (0%),Lack of any visible tongue motion with stimulation,Open window around cuff without removing,Dissecting distal aspect to exclude one or more hypoglossal branches,Remove and replace the cuff with stimulation,N/A: I have always been able to resolve any issues with retraction prior to closure,15-30 min
R_2NwILE3QKrcE1Zn,No Fellowship,Academic,No,>15,> 200,1-2 per week,> 10% of the time,Sometimes (50-75% of the time),Rarely (1-25%),Tongue retraction with stimulation,Stimulating superior and/or deep aspects of the nerve,Dissecting distal aspect to exclude one or more hypoglossal branches,Remove and replace the cuff with stimulation,Left cuff in place,15-30 min
R_2MF4stxe3xMQi9b,No Fellowship,Private,No,10-15,100-200,> 2 per week,5-10% of the time,Rarely (less than 50% of the time),Rarely (1-25%),Tongue retraction with stimulation,Open window around cuff without removing,Remove and replace the cuff with stimulation,Stimulating superior and/or deep aspects of the nerve,N/A: I have always been able to resolve any issues with retraction prior to closure,15-30 min
R_2axUQY6oModLhGW,No Fellowship,Private,No,>15,20-50,Once a month,5-10% of the time,Sometimes (50-75% of the time),Rarely (1-25%),Lack of any visible tongue motion with stimulation,Dissecting distal aspect to exclude one or more hypoglossal branches,Remove and replace the cuff with stimulation,Stimulating superior and/or deep aspects of the nerve,N/A: I have always been able to resolve any issues with retraction prior to closure,15-30 min
R_2s4RKIhunRRRIRD,No Fellowship,Private,No,>15,100-200,Once every other week,< 1% of the time,Sometimes (50-75% of the time),Sometimes (26-50%),Tongue retraction with stimulation,Dissecting distal aspect to exclude one or more hypoglossal branches,Dissecting distal aspect to exclude one or more hypoglossal branches,Dissecting distal aspect to exclude one or more hypoglossal branches,N/A: I have always been able to resolve any issues with retraction prior to closure,0-15 min
R_5qx76P3SIW2HoKU,No Fellowship,Private,Yes,1-5,100-200,1-2 per week,5-10% of the time,Rarely (less than 50% of the time),Rarely (1-25%),Tongue retraction with stimulation,Dissecting distal aspect to exclude one or more hypoglossal branches,Remove and replace the cuff with stimulation,Stimulating superior and/or deep aspects of the nerve,N/A: I have always been able to resolve any issues with retraction prior to closure,0-15 min
R_7rSsfJHlu33VgNK,No Fellowship,Private,No,10-15,20-50,Once every other week,5-10% of the time,Rarely (less than 50% of the time),Never (0%),Lack of any visible tongue motion with stimulation,Dissecting distal aspect to exclude one or more hypoglossal branches,Stimulating superior and/or deep aspects of the nerve,Remove and replace the cuff with stimulation,N/A: I have always been able to resolve any issues with retraction prior to closure,15-30 min
R_31jSnmT9eP3XJbM,No Fellowship,Academic,No,6-10,20-50,Once a month,1-5% of the time,Never,Never (0%),Tongue retraction with stimulation,Dissecting distal aspect to exclude one or more hypoglossal branches,Remove and replace the cuff with stimulation,Stimulating superior and/or deep aspects of the nerve,N/A: I have always been able to resolve any issues with retraction prior to closure,15-30 min
R_5nHMF0MbKQw3at0,No Fellowship,Private,No,1-5,20-50,< 1 per month,1-5% of the time,Sometimes (50-75% of the time),Rarely (1-25%),Tongue retraction with stimulation,Dissecting distal aspect to exclude one or more hypoglossal branches,Remove and replace the cuff with stimulation,Remove and replace the cuff with stimulation,N/A: I have always been able to resolve any issues with retraction prior to closure,15-30 min
R_7QDFjK1UPTH5G6Y,Sleep Medicine & Surgery,Private,No,>15,20-50,Once every other week,< 1% of the time,Rarely (less than 50% of the time),Rarely (1-25%),Tongue retraction with stimulation,Dissecting distal aspect to exclude one or more hypoglossal branches,Stimulating superior and/or deep aspects of the nerve,Removing and replacing the cuff back in the same location,N/A: I have always been able to resolve any issues with retraction prior to closure,30-45 min
R_2IdcSPNpDLlvkcy,No Fellowship,Private,No,>15,20-50,Once a month,< 1% of the time,Always,Never (0%),Lack of any visible tongue motion with stimulation,Dissecting distal aspect to exclude one or more hypoglossal branches,Remove and replace the cuff with stimulation,Dissecting distal aspect to exclude one or more hypoglossal branches,N/A: I have always been able to resolve any issues with retraction prior to closure,15-30 min
R_3OQ0cLUIy7uR7mt,No Fellowship,Government,Yes,1-5,< 20,< 1 per month,< 1% of the time,Never,Always (75-100%),Tongue retraction with stimulation,Dissecting distal aspect to exclude one or more hypoglossal branches,Remove and replace the cuff with stimulation,Stimulating superior and/or deep aspects of the nerve,N/A: I have always been able to resolve any issues with retraction prior to closure,15-30 min
R_2vCroU8ksZnrT6V,Sleep Medicine & Surgery,Academic,No,10-15,> 200,> 2 per week,1-5% of the time,Never,Rarely (1-25%),Tongue retraction with stimulation,Dissecting distal aspect to exclude one or more hypoglossal branches,Dissecting distal aspect to exclude one or more hypoglossal branches,Dissecting distal aspect to exclude one or more hypoglossal branches,N/A: I have always been able to resolve any issues with retraction prior to closure,0-15 min
R_2zUVH5pZqMAnzOR,No Fellowship,Private,No,10-15,100-200,1-2 per week,< 1% of the time,Often (more than 75% of the time),Rarely (1-25%),Tongue retraction with stimulation,Remove and replace the cuff with stimulation,Dissecting distal aspect to exclude one or more hypoglossal branches,Open window around cuff without removing,N/A: I have always been able to resolve any issues with retraction prior to closure,0-15 min
R_417SelO0tFQXSJX,"Rhinology, Sinus & Anterior Endoscopic Skull Base Surgery",Private,Yes,>15,20-50,1-2 per week,> 10% of the time,Rarely (less than 50% of the time),Rarely (1-25%),Tongue retraction with stimulation,Dissecting distal aspect to exclude one or more hypoglossal branches,Remove and replace the cuff with stimulation,Dissecting distal aspect to exclude one or more hypoglossal branches,N/A: I have always been able to resolve any issues with retraction prior to closure,0-15 min
R_1xXBapYlcXiwqGB,No Fellowship,Private,Yes,1-5,20-50,Once every other week,< 1% of the time,Rarely (less than 50% of the time),Never (0%),Tongue retraction with stimulation,Stimulating superior and/or deep aspects of the nerve,Dissecting distal aspect to exclude one or more hypoglossal branches,Remove and replace the cuff with stimulation,N/A: I have always been able to resolve any issues with retraction prior to closure,15-30 min
R_2jE9VkfrDCGbCxv,No Fellowship,Private,Yes,1-5,< 20,Once a month,5-10% of the time,Sometimes (50-75% of the time),Rarely (1-25%),Tongue retraction with stimulation,Remove and replace the cuff with stimulation,Dissecting distal aspect to exclude one or more hypoglossal branches,Stimulating superior and/or deep aspects of the nerve,N/A: I have always been able to resolve any issues with retraction prior to closure,0-15 min
R_5VkIkSDrPxPlGsI,Laryngology,Private,No,>15,20-50,Once every other week,1-5% of the time,Often (more than 75% of the time),Sometimes (26-50%),Tongue retraction with stimulation,Stimulating superior and/or deep aspects of the nerve,Dissecting distal aspect to exclude one or more hypoglossal branches,Remove and replace the cuff with stimulation,N/A: I have always been able to resolve any issues with retraction prior to closure,15-30 min
R_1U9R1UeG6HjTkVy,No Fellowship,Private,Yes,>15,100-200,1-2 per week,5-10% of the time,Rarely (less than 50% of the time),Rarely (1-25%),Tongue retraction with stimulation,Remove and replace the cuff with stimulation,Remove and replace the cuff with stimulation,Remove and replace the cuff with stimulation,N/A: I have always been able to resolve any issues with retraction prior to closure,0-15 min
R_72LcjkP38MK7vGh,No Fellowship,Private,No,6-10,20-50,1-2 per week,1-5% of the time,Often (more than 75% of the time),Rarely (1-25%),Lack of any visible tongue motion with stimulation,Remove and replace the cuff with stimulation,Dissecting distal aspect to exclude one or more hypoglossal branches,Stimulating superior and/or deep aspects of the nerve,N/A: I have always been able to resolve any issues with retraction prior to closure,15-30 min
R_2nru3EiypSNNVwk,No Fellowship,Academic,No,>15,100-200,< 1 per month,1-5% of the time,Never,Rarely (1-25%),Tongue retraction with stimulation,Dissecting distal aspect to exclude one or more hypoglossal branches,Dissecting distal aspect to exclude one or more hypoglossal branches,Dissecting distal aspect to exclude one or more hypoglossal branches,N/A: I have always been able to resolve any issues with retraction prior to closure,15-30 min
R_2LcHujXgSQF0VA7,No Fellowship,Private,No,>15,100-200,1-2 per week,1-5% of the time,Often (more than 75% of the time),Sometimes (26-50%),Tongue retraction with stimulation,Dissecting distal aspect to exclude one or more hypoglossal branches,Stimulating superior and/or deep aspects of the nerve,Remove and replace the cuff with stimulation,N/A: I have always been able to resolve any issues with retraction prior to closure,0-15 min
R_3ATi6xjzC39Qi2J,No Fellowship,Private,Yes,1-5,100-200,> 2 per week,1-5% of the time,Sometimes (50-75% of the time),Often (50-75%),Tongue retraction with stimulation,Open window around cuff without removing,Dissecting distal aspect to exclude one or more hypoglossal branches,Dissecting distal aspect to exclude one or more hypoglossal branches,N/A: I have always been able to resolve any issues with retraction prior to closure,15-30 min
R_1LkhfdFnCKt6SqT,No Fellowship,Private,No,>15,> 200,1-2 per week,> 10% of the time,Rarely (less than 50% of the time),Rarely (1-25%),Tongue retraction with stimulation,Dissecting distal aspect to exclude one or more hypoglossal branches,Remove and replace the cuff with stimulation,Open window around cuff without removing,N/A: I have always been able to resolve any issues with retraction prior to closure,15-30 min
R_6YtxNGDfkL2CSSq,No Fellowship,Private,Yes,1-5,20-50,Once every other week,< 1% of the time,Rarely (less than 50% of the time),Often (50-75%),Tongue retraction with stimulation,Dissecting distal aspect to exclude one or more hypoglossal branches,Stimulating superior and/or deep aspects of the nerve,Open window around cuff without removing,N/A: I have always been able to resolve any issues with retraction prior to closure,0-15 min
R_37xRpVh75GzKmcm,Sleep Medicine & Surgery,Private,No,>15,100-200,1-2 per week,< 1% of the time,Always,Sometimes (26-50%),Lack of any visible tongue motion with stimulation,Stimulating superior and/or deep aspects of the nerve,Remove and replace the cuff with stimulation,Dissecting distal aspect to exclude one or more hypoglossal branches,N/A: I have always been able to resolve any issues with retraction prior to closure,0-15 min
R_2P4XwNUO2KM5XJA,No Fellowship,Private,No,>15,20-50,1-2 per week,< 1% of the time,Always,Rarely (1-25%),Lack of any visible tongue motion with stimulation,Remove and replace the cuff with stimulation,Dissecting distal aspect to exclude one or more hypoglossal branches,Stimulating superior and/or deep aspects of the nerve,N/A: I have always been able to resolve any issues with retraction prior to closure,15-30 min
R_2FDqfe9nlhB7zIK,No Fellowship,Private,No,>15,100-200,1-2 per week,> 10% of the time,Rarely (less than 50% of the time),Sometimes (26-50%),Tongue retraction with stimulation,Remove and replace the cuff with stimulation,Stimulating superior and/or deep aspects of the nerve,Dissecting distal aspect to exclude one or more hypoglossal branches,N/A: I have always been able to resolve any issues with retraction prior to closure,15-30 min
R_2Et3W9GccZOQ6XP,No Fellowship,Private,Yes,1-5,20-50,1-2 per week,1-5% of the time,Rarely (less than 50% of the time),Often (50-75%),Tongue retraction with stimulation,Dissecting distal aspect to exclude one or more hypoglossal branches,Remove and replace the cuff with stimulation,Stimulating superior and/or deep aspects of the nerve,N/A: I have always been able to resolve any issues with retraction prior to closure,0-15 min
R_1PgxYlq8N5BiU9j,Head and Neck Oncology,Private,No,>15,100-200,Once every other week,< 1% of the time,Often (more than 75% of the time),Rarely (1-25%),Lack of any visible tongue motion with stimulation,Dissecting distal aspect to exclude one or more hypoglossal branches,Remove and replace the cuff with stimulation,Removing and replacing the cuff back in the same location,N/A: I have always been able to resolve any issues with retraction prior to closure,15-30 min
R_2Wy5COjmwSChEfD,No Fellowship,Private,No,1-5,100-200,1-2 per week,> 10% of the time,Never,Rarely (1-25%),Tongue retraction with stimulation,Dissecting distal aspect to exclude one or more hypoglossal branches,Dissecting distal aspect to exclude one or more hypoglossal branches,Dissecting distal aspect to exclude one or more hypoglossal branches,N/A: I have always been able to resolve any issues with retraction prior to closure,15-30 min
R_53ej2cRwvL2fUc4,Facial Plastics & Reconstructive Surgery,Academic,No,>15,100-200,Once every other week,> 10% of the time,Never,Rarely (1-25%),Tongue retraction with stimulation,Dissecting distal aspect to exclude one or more hypoglossal branches,Stimulating superior and/or deep aspects of the nerve,Remove and replace the cuff with stimulation,N/A: I have always been able to resolve any issues with retraction prior to closure,30-45 min
R_2DLVQDObqa658az,No Fellowship,Private,No,>15,20-50,1-2 per week,5-10% of the time,Rarely (less than 50% of the time),Sometimes (26-50%),Tongue retraction with stimulation,Stimulating superior and/or deep aspects of the nerve,Dissecting distal aspect to exclude one or more hypoglossal branches,Remove and replace the cuff with stimulation,N/A: I have always been able to resolve any issues with retraction prior to closure,15-30 min
R_3aaMPIZLbwyhv0J,No Fellowship,Academic,No,>15,100-200,Once a month,> 10% of the time,Never,Rarely (1-25%),Tongue retraction with stimulation,Remove and replace the cuff with stimulation,Stimulating superior and/or deep aspects of the nerve,Dissecting distal aspect to exclude one or more hypoglossal branches,N/A: I have always been able to resolve any issues with retraction prior to closure,0-15 min
R_17dhavgJlZ0gv1D,"Rhinology, Sinus & Anterior Endoscopic Skull Base Surgery",Private,Yes,1-5,100-200,1-2 per week,1-5% of the time,Rarely (less than 50% of the time),Rarely (1-25%),Tongue retraction with stimulation,Dissecting distal aspect to exclude one or more hypoglossal branches,Dissecting distal aspect to exclude one or more hypoglossal branches,Dissecting distal aspect to exclude one or more hypoglossal branches,N/A: I have always been able to resolve any issues with retraction prior to closure,15-30 min
R_2dSwknWUxJc8zZA,No Fellowship,Academic,No,>15,100-200,1-2 per week,5-10% of the time,Rarely (less than 50% of the time),Sometimes (26-50%),Lack of any visible tongue motion with stimulation,Dissecting distal aspect to exclude one or more hypoglossal branches,Remove and replace the cuff with stimulation,Removing and replacing the cuff back in the same location,N/A: I have always been able to resolve any issues with retraction prior to closure,0-15 min
R_1IiuWmS2jniqs72,No Fellowship,Private,Yes,>15,> 200,> 2 per week,> 10% of the time,Rarely (less than 50% of the time),Rarely (1-25%),Lack of any visible tongue motion with stimulation,Dissecting distal aspect to exclude one or more hypoglossal branches,Dissecting distal aspect to exclude one or more hypoglossal branches,Dissecting distal aspect to exclude one or more hypoglossal branches,N/A: I have always been able to resolve any issues with retraction prior to closure,15-30 min
R_3lMsNn9AZeyNxUE,No Fellowship,Government,No,6-10,20-50,Once a month,< 1% of the time,Rarely (less than 50% of the time),Sometimes (26-50%),Tongue retraction with stimulation,Dissecting distal aspect to exclude one or more hypoglossal branches,Stimulating superior and/or deep aspects of the nerve,Open window around cuff without removing,Left cuff in place,45-60 min
R_3mgfJoEkego8SLo,No Fellowship,Private,No,>15,20-50,1-2 per week,5-10% of the time,Often (more than 75% of the time),Never (0%),Tongue retraction with stimulation,Stimulating superior and/or deep aspects of the nerve,Stimulating superior and/or deep aspects of the nerve,Dissecting distal aspect to exclude one or more hypoglossal branches,N/A: I have always been able to resolve any issues with retraction prior to closure,15-30 min
R_32RCqNwxZbys4jr,No Fellowship,Private,No,6-10,< 20,< 1 per month,> 10% of the time,Often (more than 75% of the time),Rarely (1-25%),Tongue retraction with stimulation,Dissecting distal aspect to exclude one or more hypoglossal branches,Remove and replace the cuff with stimulation,Stimulating superior and/or deep aspects of the nerve,N/A: I have always been able to resolve any issues with retraction prior to closure,15-30 min
R_2hygRSfzc3CgFw1,No Fellowship,Government,No,10-15,< 20,Once every other week,5-10% of the time,Always,Sometimes (26-50%),Tongue retraction with stimulation,Dissecting distal aspect to exclude one or more hypoglossal branches,Dissecting distal aspect to exclude one or more hypoglossal branches,Stimulating superior and/or deep aspects of the nerve,N/A: I have always been able to resolve any issues with retraction prior to closure,0-15 min
R_2VN7sgQdy2xe3xn,No Fellowship,Private,No,10-15,100-200,1-2 per week,> 10% of the time,Often (more than 75% of the time),Often (50-75%),Lack of any visible tongue motion with stimulation,Stimulating superior and/or deep aspects of the nerve,Dissecting distal aspect to exclude one or more hypoglossal branches,Remove and replace the cuff with stimulation,N/A: I have always been able to resolve any issues with retraction prior to closure,0-15 min
R_21ohqhW8nfuCpFn,No Fellowship,Private,No,>15,100-200,1-2 per week,1-5% of the time,Never,Never (0%),Tongue retraction with stimulation,Remove and replace the cuff with stimulation,Stimulating superior and/or deep aspects of the nerve,Dissecting distal aspect to exclude one or more hypoglossal branches,N/A: I have always been able to resolve any issues with retraction prior to closure,15-30 min
R_6bJ8gDaIgW6YoAF,Facial Plastics & Reconstructive Surgery,Private,No,>15,20-50,Once every other week,5-10% of the time,Never,Never (0%),Tongue retraction with stimulation,Remove and replace the cuff with stimulation,Stimulating superior and/or deep aspects of the nerve,Removing and replacing the cuff back in the same location,N/A: I have always been able to resolve any issues with retraction prior to closure,15-30 min
R_1kG6YsSvmSJfQyA,No Fellowship,Private,No,>15,20-50,Once every other week,5-10% of the time,Sometimes (50-75% of the time),Often (50-75%),Lack of any visible tongue motion with stimulation,Remove and replace the cuff with stimulation,Dissecting distal aspect to exclude one or more hypoglossal branches,Stimulating superior and/or deep aspects of the nerve,N/A: I have always been able to resolve any issues with retraction prior to closure,0-15 min
R_3XT9nEvtVJ0nxDz,No Fellowship,Private,No,6-10,100-200,1-2 per week,1-5% of the time,Rarely (less than 50% of the time),Rarely (1-25%),Tongue retraction with stimulation,Open window around cuff without removing,Dissecting distal aspect to exclude one or more hypoglossal branches,Dissecting distal aspect to exclude one or more hypoglossal branches,N/A: I have always been able to resolve any issues with retraction prior to closure,15-30 min
R_1CNAEeHTZgeM9Fi,No Fellowship,Private,Yes,< 1,< 20,< 1 per month,5-10% of the time,Often (more than 75% of the time),Often (50-75%),Lack of any visible tongue motion with stimulation,Dissecting distal aspect to exclude one or more hypoglossal branches,Stimulating superior and/or deep aspects of the nerve,Remove and replace the cuff with stimulation,N/A: I have always been able to resolve any issues with retraction prior to closure,30-45 min
R_2BtWMK9BAGEY9g5,No Fellowship,Academic,No,>15,20-50,Once a month,< 1% of the time,Often (more than 75% of the time),Rarely (1-25%),Lack of any visible tongue motion with stimulation,Remove and replace the cuff with stimulation,Open window around cuff without removing,Stimulating superior and/or deep aspects of the nerve,N/A: I have always been able to resolve any issues with retraction prior to closure,30-45 min
R_7VR1BRgTN4BMtsp,No Fellowship,Private,No,>15,20-50,Once every other week,1-5% of the time,Sometimes (50-75% of the time),Sometimes (26-50%),Tongue retraction with stimulation,Removing and replacing the cuff back in the same location,Stimulating superior and/or deep aspects of the nerve,Dissecting distal aspect to exclude one or more hypoglossal branches,N/A: I have always been able to resolve any issues with retraction prior to closure,15-30 min
R_2sacFfIkWdkejf0,No Fellowship,Academic,No,>15,20-50,Once every other week,5-10% of the time,Sometimes (50-75% of the time),Rarely (1-25%),Tongue retraction with stimulation,Dissecting distal aspect to exclude one or more hypoglossal branches,Remove and replace the cuff with stimulation,Dissecting distal aspect to exclude one or more hypoglossal branches,N/A: I have always been able to resolve any issues with retraction prior to closure,30-45 min
R_7zSUK0xIZcEQCEy,Sleep Medicine & Surgery,Academic,No,>15,> 200,> 2 per week,> 10% of the time,Never,Rarely (1-25%),Tongue retraction with stimulation,Dissecting distal aspect to exclude one or more hypoglossal branches,Stimulating superior and/or deep aspects of the nerve,Remove and replace the cuff with stimulation,N/A: I have always been able to resolve any issues with retraction prior to closure,30-45 min
R_3Gpqha2NVCpIW9T,No Fellowship,Private,No,>15,100-200,Once every other week,5-10% of the time,Rarely (less than 50% of the time),Rarely (1-25%),Tongue retraction with stimulation,Remove and replace the cuff with stimulation,Stimulating superior and/or deep aspects of the nerve,Dissecting distal aspect to exclude one or more hypoglossal branches,N/A: I have always been able to resolve any issues with retraction prior to closure,15-30 min
R_5szp29djh1yfpZf,No Fellowship,Private,No,>15,< 20,< 1 per month,5-10% of the time,Always,Never (0%),Lack of any visible tongue motion with stimulation,Dissecting distal aspect to exclude one or more hypoglossal branches,Stimulating superior and/or deep aspects of the nerve,Open window around cuff without removing,N/A: I have always been able to resolve any issues with retraction prior to closure,15-30 min
R_31sdPGeEET3qiNq,No Fellowship,Government,No,>15,100-200,Once a month,5-10% of the time,Sometimes (50-75% of the time),Sometimes (26-50%),Tongue retraction with stimulation,Dissecting distal aspect to exclude one or more hypoglossal branches,Stimulating superior and/or deep aspects of the nerve,Remove and replace the cuff with stimulation,N/A: I have always been able to resolve any issues with retraction prior to closure,0-15 min
R_2rP4VGyT5nqE1vP,"Rhinology, Sinus & Anterior Endoscopic Skull Base Surgery",Private,No,>15,20-50,Once every other week,5-10% of the time,Sometimes (50-75% of the time),Never (0%),Tongue retraction with stimulation,Remove and replace the cuff with stimulation,Remove and replace the cuff with stimulation,Dissecting distal aspect to exclude one or more hypoglossal branches,N/A: I have always been able to resolve any issues with retraction prior to closure,45-60 min
R_1bI5gsxHUdIeYM0,No Fellowship,Private,Yes,1-5,20-50,Once a month,5-10% of the time,Sometimes (50-75% of the time),Often (50-75%),Tongue retraction with stimulation,Dissecting distal aspect to exclude one or more hypoglossal branches,Remove and replace the cuff with stimulation,Stimulating superior and/or deep aspects of the nerve,N/A: I have always been able to resolve any issues with retraction prior to closure,0-15 min
R_5rlxmnruk3BGAX3,No Fellowship,Academic,Yes,< 1,20-50,Once every other week,< 1% of the time,Always,Rarely (1-25%),Lack of any visible tongue motion with stimulation,Stimulating superior and/or deep aspects of the nerve,Dissecting distal aspect to exclude one or more hypoglossal branches,Remove and replace the cuff with stimulation,N/A: I have always been able to resolve any issues with retraction prior to closure,0-15 min
R_7CD1uHuFsuZU46J,No Fellowship,Private,Yes,1-5,20-50,Once a month,> 10% of the time,Never,Sometimes (26-50%),Tongue retraction with stimulation,Open window around cuff without removing,Stimulating superior and/or deep aspects of the nerve,Dissecting distal aspect to exclude one or more hypoglossal branches,N/A: I have always been able to resolve any issues with retraction prior to closure,15-30 min
R_1J2fzCkIYVTzBNT,Facial Plastics & Reconstructive Surgery,Private,No,>15,20-50,1-2 per week,1-5% of the time,Often (more than 75% of the time),Often (50-75%),Tongue retraction with stimulation,Dissecting distal aspect to exclude one or more hypoglossal branches,Stimulating superior and/or deep aspects of the nerve,Remove and replace the cuff with stimulation,N/A: I have always been able to resolve any issues with retraction prior to closure,15-30 min
R_7qUM2JtiBuyA7VI,Head and Neck Oncology,Private,No,>15,20-50,1-2 per week,1-5% of the time,Often (more than 75% of the time),Never (0%),Tongue retraction with stimulation,Dissecting distal aspect to exclude one or more hypoglossal branches,Remove and replace the cuff with stimulation,Stimulating superior and/or deep aspects of the nerve,N/A: I have always been able to resolve any issues with retraction prior to closure,15-30 min
R_2dEBz1rQlogEKov,Head and Neck Oncology,Private,No,1-5,< 20,< 1 per month,> 10% of the time,Rarely (less than 50% of the time),Sometimes (26-50%),Tongue retraction with stimulation,Dissecting distal aspect to exclude one or more hypoglossal branches,Remove and replace the cuff with stimulation,Open window around cuff without removing,N/A: I have always been able to resolve any issues with retraction prior to closure,15-30 min
R_1qpUQJd0vPuJzDr,No Fellowship,Private,No,>15,100-200,Once every other week,< 1% of the time,Always,Never (0%),Lack of any visible tongue motion with stimulation,Dissecting distal aspect to exclude one or more hypoglossal branches,Stimulating superior and/or deep aspects of the nerve,Dissecting distal aspect to exclude one or more hypoglossal branches,N/A: I have always been able to resolve any issues with retraction prior to closure,0-15 min
R_7L7pBCQPhNsTb3F,Head and Neck Oncology,Private,No,10-15,20-50,Once every other week,< 1% of the time,Never,Often (50-75%),Tongue retraction with stimulation,Dissecting distal aspect to exclude one or more hypoglossal branches,Removing and replacing the cuff back in the same location,Stimulating superior and/or deep aspects of the nerve,N/A: I have always been able to resolve any issues with retraction prior to closure,0-15 min
R_3fwywOa4Q7osTsy,No Fellowship,Private,Yes,1-5,< 20,< 1 per month,1-5% of the time,Often (more than 75% of the time),Sometimes (26-50%),Lack of any visible tongue motion with stimulation,Remove and replace the cuff with stimulation,Stimulating superior and/or deep aspects of the nerve,Dissecting distal aspect to exclude one or more hypoglossal branches,N/A: I have always been able to resolve any issues with retraction prior to closure,15-30 min
R_1wdyJlgJPJnNc3f,Sleep Medicine & Surgery,Private,No,>15,100-200,Once every other week,< 1% of the time,Often (more than 75% of the time),Rarely (1-25%),Lack of any visible tongue motion with stimulation,Stimulating superior and/or deep aspects of the nerve,Dissecting distal aspect to exclude one or more hypoglossal branches,Remove and replace the cuff with stimulation,N/A: I have always been able to resolve any issues with retraction prior to closure,15-30 min
R_3zvWUjXak1cIF0S,No Fellowship,Private,No,>15,100-200,Once every other week,1-5% of the time,Often (more than 75% of the time),Often (50-75%),Tongue retraction with stimulation,Open window around cuff without removing,Remove and replace the cuff with stimulation,Dissecting distal aspect to exclude one or more hypoglossal branches,N/A: I have always been able to resolve any issues with retraction prior to closure,15-30 min
R_6PzC7WOsosB6Qg4,No Fellowship,Private,No,10-15,100-200,Once every other week,5-10% of the time,Rarely (less than 50% of the time),Rarely (1-25%),Tongue retraction with stimulation,Remove and replace the cuff with stimulation,Dissecting distal aspect to exclude one or more hypoglossal branches,Remove and replace the cuff with stimulation,N/A: I have always been able to resolve any issues with retraction prior to closure,15-30 min
R_1MPZ4VyQ8ponxQc,Head and Neck Oncology,Private,Yes,1-5,< 20,< 1 per month,< 1% of the time,Always,Always (75-100%),Tongue retraction with stimulation,Open window around cuff without removing,Remove and replace the cuff with stimulation,Remove and replace the cuff with stimulation,N/A: I have always been able to resolve any issues with retraction prior to closure,0-15 min
R_29sKI7riGAuuoFT,No Fellowship,Private,Yes,1-5,20-50,Once a month,1-5% of the time,Rarely (less than 50% of the time),Rarely (1-25%),Lack of any visible tongue motion with stimulation,Stimulating superior and/or deep aspects of the nerve,Remove and replace the cuff with stimulation,Open window around cuff without removing,N/A: I have always been able to resolve any issues with retraction prior to closure,15-30 min
R_2wsDkQ9uyCVnieN,No Fellowship,Private,No,>15,20-50,Once every other week,1-5% of the time,Sometimes (50-75% of the time),Rarely (1-25%),Lack of any visible tongue motion with stimulation,Remove and replace the cuff with stimulation,Removing and replacing the cuff back in the same location,Stimulating superior and/or deep aspects of the nerve,N/A: I have always been able to resolve any issues with retraction prior to closure,15-30 min
R_2xUKg2iSEWtUVAl,No Fellowship,Private,No,>15,< 20,Once a month,1-5% of the time,Often (more than 75% of the time),Often (50-75%),Lack of any visible tongue motion with stimulation,Open window around cuff without removing,Removing and replacing the cuff back in the same location,Dissecting distal aspect to exclude one or more hypoglossal branches,N/A: I have always been able to resolve any issues with retraction prior to closure,30-45 min
R_2rkBrMwC7yxDaEI,No Fellowship,Private,No,>15,100-200,Once every other week,1-5% of the time,Sometimes (50-75% of the time),Never (0%),Tongue retraction with stimulation,Remove and replace the cuff with stimulation,Dissecting distal aspect to exclude one or more hypoglossal branches,Remove and replace the cuff without stimulation,N/A: I have always been able to resolve any issues with retraction prior to closure,0-15 min
R_2gW1GHDz7puYG77,Sleep Medicine & Surgery,Private,No,>15,> 200,> 2 per week,5-10% of the time,Never,Sometimes (26-50%),Tongue retraction with stimulation,Open window around cuff without removing,Remove and replace the cuff with stimulation,Dissecting distal aspect to exclude one or more hypoglossal branches,N/A: I have always been able to resolve any issues with retraction prior to closure,0-15 min
R_5dnsz8pCeAhUshA,No Fellowship,Private,No,>15,20-50,Once every other week,5-10% of the time,Always,Sometimes (26-50%),Tongue retraction with stimulation,Stimulating superior and/or deep aspects of the nerve,Remove and replace the cuff with stimulation,Dissecting distal aspect to exclude one or more hypoglossal branches,N/A: I have always been able to resolve any issues with retraction prior to closure,0-15 min
R_1Hisv0dlsxPCRjY,No Fellowship,Private,No,10-15,100-200,Once every other week,1-5% of the time,Sometimes (50-75% of the time),Sometimes (26-50%),Tongue retraction with stimulation,Removing and replacing the cuff back in the same location,Remove and replace the cuff with stimulation,Dissecting distal aspect to exclude one or more hypoglossal branches,N/A: I have always been able to resolve any issues with retraction prior to closure,15-30 min
R_2dmcfF8LJgoIQxP,Facial Plastics & Reconstructive Surgery,Private,No,6-10,20-50,Once a month,< 1% of the time,Often (more than 75% of the time),Sometimes (26-50%),Lack of any visible tongue motion with stimulation,Dissecting distal aspect to exclude one or more hypoglossal branches,Remove and replace the cuff with stimulation,Removing and replacing the cuff back in the same location,N/A: I have always been able to resolve any issues with retraction prior to closure,0-15 min
R_1UZYczesOwPtvC9,No Fellowship,Private,No,>15,100-200,Once every other week,1-5% of the time,Rarely (less than 50% of the time),Rarely (1-25%),Lack of any visible tongue motion with stimulation,Removing and replacing the cuff back in the same location,Dissecting distal aspect to exclude one or more hypoglossal branches,Stimulating superior and/or deep aspects of the nerve,N/A: I have always been able to resolve any issues with retraction prior to closure,15-30 min
R_3azsmuDbDRmEDCD,No Fellowship,Private,Yes,1-5,< 20,Once a month,> 10% of the time,Never,Rarely (1-25%),Tongue retraction with stimulation,Stimulating superior and/or deep aspects of the nerve,Remove and replace the cuff with stimulation,Dissecting distal aspect to exclude one or more hypoglossal branches,N/A: I have always been able to resolve any issues with retraction prior to closure,15-30 min
R_7nPAqiku4KscYdm,No Fellowship,Private,No,>15,100-200,Once every other week,1-5% of the time,Often (more than 75% of the time),Rarely (1-25%),Tongue retraction with stimulation,Remove and replace the cuff with stimulation,Stimulating superior and/or deep aspects of the nerve,Dissecting distal aspect to exclude one or more hypoglossal branches,N/A: I have always been able to resolve any issues with retraction prior to closure,0-15 min
